transaction_id,account_id,customer_id,amount,transaction_type,merchant,transaction_date
T1,A11,C11,8805.52,credit,Swiggy,2026-04-15 0:59:00
T2,A56,C56,14404.91,credit,Flipkart,2026-04-15 6:38:00
T3,A90,C90,18087.85,credit,,2026-04-15 9:39:00
T4,A34,C34,15958.78,debit,Flipkart,2026-04-15 5:42:00
T5,A57,C57,13296.12,debit,Amazon,2026-04-15 1:30:00
T6,A48,C48,6817.55,debit,,2026-04-15 2:12:00
T7,A16,C16,5801.0,debit,Amazon,2026-04-15 5:26:00
T8,A17,C17,7129.24,,Amazon,2026-04-15 6:55:00
T9,A69,C69,13401.6,,Amazon,2026-04-15 9:23:00
T10,A72,C72,18070.22,DEBIT,Zomato,2026-04-15 0:40:00
T11,A18,C18,2879.7,DEBIT,Flipkart,2026-04-15 4:15:00
T12,A56,C56,19683.99,,Flipkart,2026-04-15 7:41:00
T13,A87,C87,11094.35,credit,Flipkart,2026-04-15 22:1:00
T14,A71,C71,2105.21,debit,Swiggy,2026-04-15 6:54:00
T15,A59,C59,-92.46,,,2026-04-15 21:53:00
T16,A5,C5,6710.14,credit,Zomato,2026-04-15 16:14:00
T17,A29,C29,10593.49,credit,,2026-04-15 16:9:00
T18,A1,C1,4772.4,credit,,2026-04-15 21:25:00
T19,A43,C43,8106.59,debit,Amazon,2026-04-15 0:5:00
T20,A32,C32,662.55,DEBIT,Swiggy,2026-04-15 1:20:00
T21,A26,C26,18132.77,DEBIT,Amazon,2026-04-15 23:51:00
T22,A59,C59,6747.21,credit,,2026-04-15 19:48:00
T23,A37,C37,19120.97,debit,Amazon,2026-04-15 18:47:00
T24,A36,C36,19766.69,credit,Zomato,2026-04-15 19:51:00
T25,A81,C81,6286.86,DEBIT,,2026-04-15 1:48:00
T26,A22,C22,12784.31,,,2026-04-15 12:46:00
T27,A59,C59,11967.99,DEBIT,,2026-04-15 15:24:00
T28,A7,C7,3994.61,,Flipkart,2026-04-15 6:39:00
T29,A46,C46,7882.22,DEBIT,Zomato,2026-04-15 21:17:00
T30,A93,C93,13837.3,credit,,2026-04-15 1:54:00
T31,A14,C14,11013.57,DEBIT,Flipkart,2026-04-15 9:28:00
T32,A45,C45,12151.44,DEBIT,Amazon,2026-04-15 17:50:00
T33,A28,C28,990.81,credit,,2026-04-15 9:12:00
T34,A58,C58,17060.56,DEBIT,,2026-04-15 21:9:00
T35,A55,C55,10751.25,debit,Swiggy,2026-04-15 2:43:00
T36,A6,C6,5922.63,debit,Swiggy,2026-04-15 14:16:00
T37,A44,C44,1941.79,debit,Amazon,2026-04-15 20:47:00
T38,A91,C91,1549.97,credit,Zomato,2026-04-15 6:8:00
T39,A42,C42,15100.4,DEBIT,Swiggy,2026-04-15 21:56:00
T40,A42,C42,16868.2,credit,,2026-04-15 4:24:00
T41,A3,C3,18239.04,DEBIT,Amazon,2026-04-15 22:48:00
T42,A48,C48,2259.86,debit,Flipkart,2026-04-15 7:17:00
T43,A81,C81,1503.63,debit,Zomato,2026-04-15 6:42:00
T44,A66,C66,15515.76,,Swiggy,2026-04-15 3:29:00
T45,A72,C72,17219.51,debit,,2026-04-15 11:21:00
T46,A28,C28,11140.23,DEBIT,Swiggy,2026-04-15 6:55:00
T47,A37,C37,12734.63,DEBIT,,2026-04-15 17:25:00
T48,A33,C33,1667.8,debit,Flipkart,2026-04-15 18:16:00
T49,A78,C78,5309.35,credit,,2026-04-15 13:22:00
T50,A35,C35,13038.21,credit,Amazon,2026-04-15 2:40:00
T51,A64,C64,4974.12,debit,,2026-04-15 23:58:00
T52,A24,C24,16293.55,,,2026-04-15 11:2:00
T53,A39,C39,7265.26,debit,Flipkart,2026-04-15 7:35:00
T54,A35,C35,7614.26,debit,,2026-04-15 16:9:00
T55,A71,C71,9633.9,,Amazon,2026-04-15 0:8:00
T56,A12,C12,3749.52,credit,Amazon,2026-04-15 22:17:00
T57,A49,C49,8645.25,DEBIT,Amazon,2026-04-15 18:26:00
T58,A14,C14,12508.48,credit,Flipkart,2026-04-15 12:37:00
T59,A34,C34,3932.9,credit,Flipkart,2026-04-15 5:44:00
T60,A9,C9,13686.51,debit,,2026-04-15 18:42:00
T61,A45,C45,13856.43,debit,Zomato,2026-04-15 12:50:00
T62,A58,C58,3432.2,credit,Swiggy,2026-04-15 23:42:00
T63,A5,C5,3585.72,credit,Amazon,2026-04-15 17:42:00
T64,A74,C74,19272.82,DEBIT,Zomato,2026-04-15 19:34:00
T65,A63,C63,5238.31,,Amazon,2026-04-15 6:11:00
T66,A3,C3,2282.22,debit,Amazon,2026-04-15 9:53:00
T67,A23,C23,11400.15,debit,Zomato,2026-04-15 12:11:00
T68,A52,C52,19901.24,credit,,2026-04-15 3:28:00
T69,A31,C31,12617.59,debit,Swiggy,2026-04-15 8:15:00
T70,A40,C40,8761.67,DEBIT,,2026-04-15 1:23:00
T71,A91,C91,16913.15,credit,Swiggy,2026-04-15 11:51:00
T72,A57,C57,3417.3,,Amazon,2026-04-15 23:15:00
T73,A22,C22,16526.38,,,2026-04-15 23:13:00
T74,A12,C12,15826.32,credit,Swiggy,2026-04-15 17:30:00
T75,A44,C44,11521.49,debit,Flipkart,2026-04-15 4:51:00
T76,A77,C77,2811.03,,,2026-04-15 20:30:00
T77,A37,C37,11011.68,DEBIT,Flipkart,2026-04-15 18:39:00
T78,A40,C40,18091.13,credit,Flipkart,2026-04-15 13:8:00
T79,A93,C93,12289.0,credit,Swiggy,2026-04-15 1:59:00
T80,A76,C76,18822.93,,Swiggy,2026-04-15 16:54:00
T81,A74,C74,12706.53,,Flipkart,2026-04-15 23:13:00
T82,A21,C21,3575.69,,Amazon,2026-04-15 23:45:00
T83,A63,C63,747.8,,,2026-04-15 6:24:00
T84,A83,C83,9356.44,DEBIT,,2026-04-15 18:9:00
T85,A18,C18,17238.26,debit,Flipkart,2026-04-15 4:28:00
T86,A46,C46,12971.83,debit,Amazon,2026-04-15 14:32:00
T87,A93,C93,8075.43,debit,Zomato,2026-04-15 8:35:00
T88,A20,C20,1777.68,DEBIT,Amazon,2026-04-15 13:46:00
T89,A65,C65,8348.26,,Flipkart,2026-04-15 0:40:00
T90,A63,C63,8559.13,,Flipkart,2026-04-15 4:18:00
T91,A54,C54,2103.85,,,2026-04-15 0:45:00
T92,A17,C17,2190.73,DEBIT,Amazon,2026-04-15 23:16:00
T93,A62,C62,16407.79,credit,Zomato,2026-04-15 17:49:00
T94,A30,C30,18616.1,debit,,2026-04-15 5:5:00
T95,A85,C85,5279.42,,Swiggy,2026-04-15 11:16:00
T96,A62,C62,19660.94,debit,Swiggy,2026-04-15 7:44:00
T97,A5,C5,16225.2,debit,,2026-04-15 20:10:00
T98,A21,C21,4025.2,credit,Swiggy,2026-04-15 22:13:00
T99,A58,C58,14936.1,,,2026-04-15 13:20:00
T100,A33,C33,5099.2,DEBIT,Zomato,2026-04-15 1:22:00
T101,A68,C68,13143.65,debit,,2026-04-15 10:35:00
T102,A4,C4,2337.74,debit,,2026-04-15 10:36:00
T103,A44,C44,14052.64,,,2026-04-15 11:57:00
T104,A91,C91,5950.48,debit,Amazon,2026-04-15 22:56:00
T105,A89,C89,14391.06,debit,Zomato,2026-04-15 12:39:00
T106,A25,C25,7286.41,DEBIT,Amazon,2026-04-15 21:35:00
T107,A18,C18,9411.11,credit,Swiggy,2026-04-15 14:18:00
T108,A38,C38,14833.12,DEBIT,Swiggy,2026-04-15 2:56:00
T109,A44,C44,2451.78,credit,Swiggy,2026-04-15 5:3:00
T110,A1,C1,11900.19,debit,,2026-04-15 0:34:00
T111,A87,C87,1331.57,DEBIT,Amazon,2026-04-15 0:49:00
T112,A38,C38,14261.13,,Flipkart,2026-04-15 1:3:00
T113,A4,C4,13103.8,DEBIT,Zomato,2026-04-15 18:37:00
T114,A55,C55,13569.1,debit,Zomato,2026-04-15 20:48:00
T115,A48,C48,14290.84,DEBIT,,2026-04-15 20:52:00
T116,A43,C43,12170.29,DEBIT,Flipkart,2026-04-15 6:14:00
T117,A17,C17,13873.63,,Amazon,2026-04-15 20:48:00
T118,A3,C3,9697.85,debit,Flipkart,2026-04-15 3:24:00
T119,A4,C4,14680.93,,Flipkart,2026-04-15 7:59:00
T120,A18,C18,7543.59,DEBIT,Zomato,2026-04-15 17:59:00
T121,A91,C91,14515.94,DEBIT,Swiggy,2026-04-15 12:49:00
T122,A43,C43,7466.35,credit,Swiggy,2026-04-15 2:5:00
T123,A70,C70,4081.2,DEBIT,Zomato,2026-04-15 16:10:00
T124,A20,C20,10379.56,credit,Zomato,2026-04-15 14:8:00
T125,A22,C22,16450.21,debit,Zomato,2026-04-15 13:34:00
T126,A88,C88,16112.91,debit,,2026-04-15 8:16:00
T127,A30,C30,8120.72,debit,Amazon,2026-04-15 8:54:00
T128,A95,C95,1107.66,DEBIT,Swiggy,2026-04-15 14:59:00
T129,A18,C18,10219.61,DEBIT,Swiggy,2026-04-15 15:19:00
T130,A92,C92,17413.87,DEBIT,Zomato,2026-04-15 13:28:00
T131,A3,C3,2935.17,credit,Amazon,2026-04-15 13:28:00
T132,A33,C33,3450.16,credit,Swiggy,2026-04-15 5:29:00
T133,A26,C26,14023.97,DEBIT,Amazon,2026-04-15 1:57:00
T134,A22,C22,1019.18,DEBIT,Flipkart,2026-04-15 14:24:00
T135,A57,C57,7056.64,,Zomato,2026-04-15 6:11:00
T136,A9,C9,5338.5,,Swiggy,2026-04-15 4:20:00
T137,A69,C69,2007.23,DEBIT,Flipkart,2026-04-15 9:5:00
T138,A49,C49,16450.06,,Zomato,2026-04-15 9:3:00
T139,A36,C36,7245.0,debit,Zomato,2026-04-15 8:20:00
T140,A32,C32,14713.87,,,2026-04-15 14:43:00
T141,A13,C13,15875.99,debit,Zomato,2026-04-15 14:57:00
T142,A75,C75,1207.38,,Zomato,2026-04-15 6:19:00
T143,A85,C85,14073.58,debit,Swiggy,2026-04-15 8:29:00
T144,A73,C73,9354.7,,,2026-04-15 20:26:00
T145,A94,C94,13079.5,debit,Zomato,2026-04-15 19:38:00
T146,A58,C58,174.81,,Swiggy,2026-04-15 17:43:00
T147,A46,C46,14689.51,credit,Swiggy,2026-04-15 3:25:00
T148,A74,C74,1875.96,DEBIT,Flipkart,2026-04-15 9:45:00
T149,A95,C95,3997.67,,Flipkart,2026-04-15 20:36:00
T150,A31,C31,574.54,debit,Amazon,2026-04-15 4:31:00
T151,A70,C70,12481.91,debit,Flipkart,2026-04-15 14:35:00
T152,A71,C71,13435.53,credit,,2026-04-15 13:25:00
T153,A40,C40,16572.58,DEBIT,Amazon,2026-04-15 10:44:00
T154,A37,C37,2515.52,DEBIT,Zomato,2026-04-15 10:39:00
T155,A50,C50,15351.59,DEBIT,Zomato,2026-04-15 17:57:00
T156,A79,C79,2613.23,debit,,2026-04-15 20:12:00
T157,A16,C16,13246.91,DEBIT,Flipkart,2026-04-15 16:48:00
T158,A78,C78,14645.0,,Flipkart,2026-04-15 23:16:00
T159,A1,C1,6111.91,credit,Flipkart,2026-04-15 17:15:00
T160,A35,C35,4040.41,,Flipkart,2026-04-15 3:38:00
T161,A11,C11,1582.09,debit,Swiggy,2026-04-15 13:31:00
T162,A62,C62,3982.91,credit,,2026-04-15 17:35:00
T163,A74,C74,11685.09,,Zomato,2026-04-15 12:23:00
T164,A33,C33,11837.15,,Zomato,2026-04-15 5:24:00
T165,A55,C55,4612.91,debit,Zomato,2026-04-15 17:29:00
T166,A13,C13,10348.91,,,2026-04-15 11:4:00
T167,A96,C96,7147.13,debit,Flipkart,2026-04-15 20:28:00
T168,A41,C41,1772.61,credit,Swiggy,2026-04-15 12:27:00
T169,A87,C87,6497.08,DEBIT,,2026-04-15 14:44:00
T170,A38,C38,19808.15,debit,Amazon,2026-04-15 6:1:00
T171,A55,C55,15964.3,DEBIT,Swiggy,2026-04-15 6:27:00
T172,A52,C52,5713.11,,Zomato,2026-04-15 6:17:00
T173,A41,C41,18040.1,credit,Amazon,2026-04-15 6:34:00
T174,A92,C92,15157.61,DEBIT,Swiggy,2026-04-15 17:26:00
T175,A86,C86,14835.03,credit,,2026-04-15 19:5:00
T176,A91,C91,1646.66,debit,Amazon,2026-04-15 12:32:00
T177,A28,C28,3150.82,,Flipkart,2026-04-15 3:11:00
T178,A8,C8,307.03,DEBIT,Zomato,2026-04-15 14:24:00
T179,A3,C3,9611.09,,Amazon,2026-04-15 19:14:00
T180,A32,C32,11682.6,DEBIT,Swiggy,2026-04-15 21:22:00
T181,A31,C31,3079.48,,Zomato,2026-04-15 19:19:00
T182,A95,C95,16836.09,credit,,2026-04-15 9:17:00
T183,A78,C78,996.98,DEBIT,Flipkart,2026-04-15 8:10:00
T184,A72,C72,3.62,DEBIT,Swiggy,2026-04-15 21:43:00
T185,A31,C31,9391.42,DEBIT,Zomato,2026-04-15 7:25:00
T186,A58,C58,16956.01,credit,Amazon,2026-04-15 1:34:00
T187,A61,C61,3669.08,DEBIT,Flipkart,2026-04-15 1:40:00
T188,A66,C66,3815.78,,Swiggy,2026-04-15 11:31:00
T189,A77,C77,7932.22,,Flipkart,2026-04-15 3:48:00
T190,A30,C30,17928.76,DEBIT,Zomato,2026-04-15 8:29:00
T191,A50,C50,1085.61,,Flipkart,2026-04-15 18:49:00
T192,A96,C96,12594.18,,Flipkart,2026-04-15 22:4:00
T193,A35,C35,11247.8,,Zomato,2026-04-15 5:5:00
T194,A56,C56,18998.62,DEBIT,,2026-04-15 11:32:00
T195,A75,C75,9193.3,,,2026-04-15 10:22:00
T196,A98,C98,8945.6,credit,,2026-04-15 16:57:00
T197,A59,C59,11217.71,DEBIT,Zomato,2026-04-15 12:12:00
T198,A15,C15,2978.27,credit,Swiggy,2026-04-15 1:59:00
T199,A53,C53,4832.17,debit,Zomato,2026-04-15 12:32:00
T200,A62,C62,17868.64,debit,Swiggy,2026-04-15 16:26:00
T201,A76,C76,18792.1,DEBIT,Amazon,2026-04-15 9:39:00
T202,A48,C48,12831.62,credit,Flipkart,2026-04-15 9:38:00
T203,A20,C20,2579.38,debit,Amazon,2026-04-15 12:48:00
T204,A75,C75,12997.84,DEBIT,Amazon,2026-04-15 12:26:00
T205,A36,C36,4171.27,,Swiggy,2026-04-15 12:52:00
T206,A18,C18,8386.93,DEBIT,Swiggy,2026-04-15 4:44:00
T207,A14,C14,17113.53,,Zomato,2026-04-15 22:34:00
T208,A76,C76,1739.98,,Amazon,2026-04-15 21:47:00
T209,A26,C26,18295.71,,Swiggy,2026-04-15 2:53:00
T210,A86,C86,15014.68,,Zomato,2026-04-15 3:51:00
T211,A6,C6,7647.5,debit,Zomato,2026-04-15 9:14:00
T212,A71,C71,2485.41,,Amazon,2026-04-15 5:12:00
T213,A100,C100,14661.31,,,2026-04-15 23:55:00
T214,A17,C17,8681.31,,Zomato,2026-04-15 19:19:00
T215,A16,C16,19229.21,credit,Amazon,2026-04-15 6:33:00
T216,A83,C83,2957.51,credit,Swiggy,2026-04-15 2:7:00
T217,A80,C80,-72.81,,Flipkart,2026-04-15 1:11:00
T218,A73,C73,19.98,debit,Flipkart,2026-04-15 2:6:00
T219,A69,C69,13090.34,DEBIT,Zomato,2026-04-15 16:22:00
T220,A86,C86,16248.8,,,2026-04-15 20:18:00
T221,A19,C19,7799.84,DEBIT,Swiggy,2026-04-15 10:49:00
T222,A86,C86,17927.94,credit,Flipkart,2026-04-15 15:39:00
T223,A79,C79,14597.05,credit,Swiggy,2026-04-15 9:19:00
T224,A65,C65,453.67,credit,Amazon,2026-04-15 9:47:00
T225,A83,C83,9042.3,credit,Flipkart,2026-04-15 21:2:00
T226,A67,C67,19478.29,debit,Amazon,2026-04-15 0:47:00
T227,A17,C17,5553.68,debit,,2026-04-15 15:22:00
T228,A70,C70,4068.47,,Zomato,2026-04-15 9:49:00
T229,A100,C100,16583.1,DEBIT,Swiggy,2026-04-15 10:33:00
T230,A99,C99,6785.7,,Zomato,2026-04-15 1:1:00
T231,A25,C25,19746.23,DEBIT,Amazon,2026-04-15 21:16:00
T232,A63,C63,18152.16,debit,Flipkart,2026-04-15 5:47:00
T233,A87,C87,1335.62,DEBIT,Swiggy,2026-04-15 12:34:00
T234,A40,C40,2751.85,credit,Zomato,2026-04-15 20:50:00
T235,A65,C65,4679.25,credit,Zomato,2026-04-15 6:20:00
T236,A68,C68,4004.72,debit,Zomato,2026-04-15 15:58:00
T237,A85,C85,276.36,debit,Zomato,2026-04-15 16:48:00
T238,A41,C41,18890.88,DEBIT,Zomato,2026-04-15 16:44:00
T239,A46,C46,17677.04,,Flipkart,2026-04-15 23:13:00
T240,A100,C100,6348.43,credit,Flipkart,2026-04-15 22:34:00
T241,A15,C15,3531.23,DEBIT,,2026-04-15 13:20:00
T242,A76,C76,15774.98,credit,Zomato,2026-04-15 10:22:00
T243,A71,C71,15462.43,DEBIT,Flipkart,2026-04-15 2:23:00
T244,A34,C34,4512.49,credit,Zomato,2026-04-15 21:35:00
T245,A14,C14,5712.8,debit,,2026-04-15 10:56:00
T246,A24,C24,11249.55,DEBIT,Flipkart,2026-04-15 21:57:00
T247,A68,C68,19885.58,DEBIT,Zomato,2026-04-15 4:24:00
T248,A98,C98,8740.86,credit,,2026-04-15 14:53:00
T249,A56,C56,15269.65,debit,Zomato,2026-04-15 8:31:00
T250,A60,C60,9549.49,,Zomato,2026-04-15 3:1:00
T251,A36,C36,15256.15,credit,Flipkart,2026-04-15 16:9:00
T252,A4,C4,228.62,debit,,2026-04-15 14:37:00
T253,A84,C84,4855.33,DEBIT,Swiggy,2026-04-15 10:44:00
T254,A54,C54,4684.84,debit,Amazon,2026-04-15 16:29:00
T255,A25,C25,2296.31,debit,Flipkart,2026-04-15 21:59:00
T256,A14,C14,18795.47,credit,,2026-04-15 21:23:00
T257,A80,C80,17028.92,DEBIT,Swiggy,2026-04-15 6:9:00
T258,A55,C55,17664.79,,Flipkart,2026-04-15 0:24:00
T259,A22,C22,13231.35,DEBIT,Flipkart,2026-04-15 22:42:00
T260,A90,C90,12794.55,credit,Swiggy,2026-04-15 7:25:00
T261,A44,C44,12360.13,credit,,2026-04-15 11:46:00
T262,A68,C68,3882.59,credit,Flipkart,2026-04-15 22:56:00
T263,A12,C12,7300.19,,Swiggy,2026-04-15 22:52:00
T264,A87,C87,6101.28,DEBIT,,2026-04-15 5:1:00
T265,A62,C62,17282.79,debit,Zomato,2026-04-15 2:20:00
T266,A45,C45,10983.53,DEBIT,,2026-04-15 19:39:00
T267,A98,C98,7878.7,debit,Amazon,2026-04-15 4:50:00
T268,A46,C46,12373.97,DEBIT,,2026-04-15 8:40:00
T269,A32,C32,15084.04,debit,,2026-04-15 11:52:00
T270,A52,C52,14659.89,credit,Swiggy,2026-04-15 20:29:00
T271,A96,C96,7058.66,debit,,2026-04-15 23:56:00
T272,A2,C2,12809.72,DEBIT,,2026-04-15 1:32:00
T273,A80,C80,3002.29,credit,Amazon,2026-04-15 21:52:00
T274,A13,C13,12226.03,debit,Amazon,2026-04-15 1:38:00
T275,A44,C44,14481.74,DEBIT,Flipkart,2026-04-15 18:27:00
T276,A75,C75,1808.81,,,2026-04-15 5:30:00
T277,A97,C97,16795.46,,Zomato,2026-04-15 9:57:00
T278,A10,C10,4210.39,,Flipkart,2026-04-15 11:22:00
T279,A66,C66,14209.72,debit,Flipkart,2026-04-15 23:29:00
T280,A23,C23,9206.17,credit,Zomato,2026-04-15 8:47:00
T281,A18,C18,11219.19,DEBIT,,2026-04-15 14:23:00
T282,A96,C96,19826.06,debit,Flipkart,2026-04-15 5:19:00
T283,A87,C87,8185.29,credit,,2026-04-15 21:20:00
T284,A82,C82,189.02,debit,Amazon,2026-04-15 15:28:00
T285,A69,C69,3612.94,credit,Swiggy,2026-04-15 4:50:00
T286,A82,C82,15583.64,DEBIT,Zomato,2026-04-15 11:59:00
T287,A21,C21,1256.71,,Swiggy,2026-04-15 22:50:00
T288,A15,C15,5370.23,DEBIT,,2026-04-15 6:47:00
T289,A39,C39,19346.73,DEBIT,Zomato,2026-04-15 9:2:00
T290,A86,C86,6665.02,DEBIT,Swiggy,2026-04-15 14:1:00
T291,A65,C65,17554.52,credit,Flipkart,2026-04-15 12:43:00
T292,A96,C96,11869.3,credit,Swiggy,2026-04-15 3:45:00
T293,A99,C99,15959.33,debit,Flipkart,2026-04-15 5:3:00
T294,A85,C85,1396.07,credit,Zomato,2026-04-15 3:31:00
T295,A26,C26,13996.12,credit,Flipkart,2026-04-15 13:49:00
T296,A86,C86,14170.09,debit,,2026-04-15 22:44:00
T297,A80,C80,8543.89,credit,Flipkart,2026-04-15 11:6:00
T298,A40,C40,9374.71,,Amazon,2026-04-15 12:20:00
T299,A69,C69,3346.55,credit,Amazon,2026-04-15 3:51:00
T300,A21,C21,9347.04,DEBIT,Flipkart,2026-04-15 19:23:00
T301,A32,C32,9120.63,DEBIT,Flipkart,2026-04-15 5:46:00
T302,A63,C63,5788.24,credit,Flipkart,2026-04-15 3:48:00
T303,A80,C80,6563.19,DEBIT,Amazon,2026-04-15 22:16:00
T304,A16,C16,13118.54,credit,Zomato,2026-04-15 20:30:00
T305,A28,C28,15643.27,DEBIT,Flipkart,2026-04-15 5:5:00
T306,A20,C20,5454.54,debit,Flipkart,2026-04-15 6:15:00
T307,A73,C73,10932.9,debit,Flipkart,2026-04-15 23:14:00
T308,A75,C75,10740.15,DEBIT,Flipkart,2026-04-15 8:47:00
T309,A18,C18,10598.94,credit,Swiggy,2026-04-15 14:19:00
T310,A39,C39,4101.38,debit,Flipkart,2026-04-15 11:30:00
T311,A14,C14,5444.45,,Amazon,2026-04-15 22:16:00
T312,A95,C95,3893.79,credit,Flipkart,2026-04-15 14:13:00
T313,A95,C95,8855.12,DEBIT,Amazon,2026-04-15 23:46:00
T314,A89,C89,18943.15,debit,Swiggy,2026-04-15 20:11:00
T315,A88,C88,11875.92,DEBIT,Zomato,2026-04-15 6:10:00
T316,A95,C95,1267.87,credit,,2026-04-15 10:53:00
T317,A2,C2,1581.46,credit,Swiggy,2026-04-15 18:45:00
T318,A86,C86,8578.46,,Flipkart,2026-04-15 14:49:00
T319,A38,C38,2369.54,credit,Flipkart,2026-04-15 13:35:00
T320,A23,C23,3053.49,DEBIT,Amazon,2026-04-15 8:49:00
T321,A36,C36,11164.21,debit,,2026-04-15 5:46:00
T322,A4,C4,6901.86,DEBIT,Zomato,2026-04-15 13:30:00
T323,A16,C16,13283.14,DEBIT,Swiggy,2026-04-15 10:47:00
T324,A10,C10,15056.88,debit,Flipkart,2026-04-15 11:54:00
T325,A6,C6,6685.02,debit,Swiggy,2026-04-15 4:40:00
T326,A1,C1,568.19,debit,Swiggy,2026-04-15 15:29:00
T327,A80,C80,16775.01,credit,Swiggy,2026-04-15 18:33:00
T328,A45,C45,11534.56,debit,Flipkart,2026-04-15 3:58:00
T329,A60,C60,3157.11,credit,Swiggy,2026-04-15 18:14:00
T330,A53,C53,15228.07,DEBIT,Amazon,2026-04-15 4:56:00
T331,A76,C76,9084.31,credit,Flipkart,2026-04-15 14:12:00
T332,A86,C86,614.58,credit,Swiggy,2026-04-15 4:54:00
T333,A26,C26,14575.23,,Zomato,2026-04-15 11:58:00
T334,A27,C27,1664.48,,Swiggy,2026-04-15 22:15:00
T335,A95,C95,8936.45,,Zomato,2026-04-15 1:2:00
T336,A42,C42,17734.48,debit,Swiggy,2026-04-15 19:55:00
T337,A52,C52,16021.44,,Flipkart,2026-04-15 8:51:00
T338,A71,C71,8281.28,,Swiggy,2026-04-15 20:33:00
T339,A63,C63,4656.32,,,2026-04-15 1:18:00
T340,A11,C11,15641.86,,Flipkart,2026-04-15 10:33:00
T341,A13,C13,16607.46,credit,,2026-04-15 6:38:00
T342,A96,C96,4451.23,DEBIT,,2026-04-15 12:31:00
T343,A31,C31,5103.0,,,2026-04-15 11:6:00
T344,A32,C32,3791.68,,,2026-04-15 15:5:00
T345,A40,C40,3207.85,,Flipkart,2026-04-15 13:49:00
T346,A17,C17,7920.01,,,2026-04-15 10:36:00
T347,A59,C59,3265.18,DEBIT,Zomato,2026-04-15 6:14:00
T348,A13,C13,16995.55,,Swiggy,2026-04-15 6:7:00
T349,A91,C91,3316.37,DEBIT,Zomato,2026-04-15 17:3:00
T350,A23,C23,15081.76,debit,Zomato,2026-04-15 19:38:00
T351,A46,C46,18493.91,debit,,2026-04-15 18:24:00
T352,A1,C1,2895.83,debit,Swiggy,2026-04-15 16:30:00
T353,A58,C58,17154.75,,Flipkart,2026-04-15 6:24:00
T354,A76,C76,11111.77,,Swiggy,2026-04-15 17:40:00
T355,A38,C38,5054.34,DEBIT,Zomato,2026-04-15 23:56:00
T356,A59,C59,14678.79,,Flipkart,2026-04-15 6:33:00
T357,A1,C1,7763.85,,Swiggy,2026-04-15 11:0:00
T358,A25,C25,4517.02,DEBIT,Amazon,2026-04-15 11:22:00
T359,A77,C77,15090.29,,Amazon,2026-04-15 12:43:00
T360,A51,C51,7141.03,DEBIT,Zomato,2026-04-15 22:26:00
T361,A13,C13,6318.51,debit,Amazon,2026-04-15 18:1:00
T362,A42,C42,16188.11,DEBIT,Flipkart,2026-04-15 10:21:00
T363,A98,C98,16645.15,,Flipkart,2026-04-15 4:44:00
T364,A1,C1,7773.57,debit,Swiggy,2026-04-15 13:6:00
T365,A23,C23,19927.96,debit,Zomato,2026-04-15 2:53:00
T366,A52,C52,319.61,credit,Zomato,2026-04-15 13:9:00
T367,A19,C19,14195.54,,Swiggy,2026-04-15 17:5:00
T368,A51,C51,13870.65,credit,Swiggy,2026-04-15 19:45:00
T369,A54,C54,17060.58,,Zomato,2026-04-15 23:38:00
T370,A5,C5,19751.75,debit,,2026-04-15 16:21:00
T371,A31,C31,9662.4,debit,,2026-04-15 18:20:00
T372,A91,C91,4930.71,credit,,2026-04-15 12:53:00
T373,A72,C72,1183.8,DEBIT,Amazon,2026-04-15 19:7:00
T374,A17,C17,11223.34,DEBIT,Swiggy,2026-04-15 16:9:00
T375,A30,C30,17482.01,debit,,2026-04-15 1:2:00
T376,A29,C29,5564.73,credit,Zomato,2026-04-15 23:31:00
T377,A48,C48,9027.32,credit,,2026-04-15 19:51:00
T378,A79,C79,1666.28,DEBIT,Swiggy,2026-04-15 1:56:00
T379,A3,C3,15437.12,debit,,2026-04-15 15:59:00
T380,A85,C85,15453.27,debit,Swiggy,2026-04-15 17:42:00
T381,A40,C40,3183.33,debit,Swiggy,2026-04-15 4:33:00
T382,A53,C53,10843.22,credit,Swiggy,2026-04-15 7:3:00
T383,A16,C16,7014.78,credit,Zomato,2026-04-15 18:4:00
T384,A58,C58,16954.45,credit,Swiggy,2026-04-15 3:14:00
T385,A70,C70,19698.7,,Flipkart,2026-04-15 1:19:00
T386,A90,C90,16826.19,,,2026-04-15 16:16:00
T387,A93,C93,16838.75,DEBIT,Swiggy,2026-04-15 14:35:00
T388,A46,C46,14734.73,credit,Flipkart,2026-04-15 7:43:00
T389,A22,C22,3891.02,debit,Zomato,2026-04-15 18:22:00
T390,A55,C55,5228.27,debit,Flipkart,2026-04-15 11:26:00
T391,A85,C85,3752.58,DEBIT,Zomato,2026-04-15 17:4:00
T392,A78,C78,7201.37,credit,Zomato,2026-04-15 0:4:00
T393,A55,C55,16745.83,DEBIT,Zomato,2026-04-15 2:49:00
T394,A12,C12,18691.06,debit,Swiggy,2026-04-15 1:54:00
T395,A15,C15,4578.64,,,2026-04-15 0:7:00
T396,A70,C70,6719.31,credit,Swiggy,2026-04-15 0:8:00
T397,A35,C35,19245.37,DEBIT,Amazon,2026-04-15 8:21:00
T398,A97,C97,9084.0,DEBIT,Zomato,2026-04-15 4:37:00
T399,A94,C94,13552.63,,,2026-04-15 20:26:00
T400,A39,C39,17420.58,,Swiggy,2026-04-15 19:30:00
T401,A19,C19,6926.95,,,2026-04-15 7:41:00
T402,A45,C45,1985.36,DEBIT,Zomato,2026-04-15 15:57:00
T403,A44,C44,319.28,,,2026-04-15 16:12:00
T404,A83,C83,6715.47,DEBIT,Swiggy,2026-04-15 18:6:00
T405,A58,C58,10800.64,debit,Amazon,2026-04-15 16:8:00
T406,A3,C3,4744.58,DEBIT,Amazon,2026-04-15 12:32:00
T407,A97,C97,13238.14,debit,,2026-04-15 11:16:00
T408,A10,C10,14194.58,DEBIT,,2026-04-15 21:58:00
T409,A61,C61,4520.94,debit,Flipkart,2026-04-15 19:3:00
T410,A88,C88,6818.04,debit,Zomato,2026-04-15 10:48:00
T411,A86,C86,14013.8,debit,Zomato,2026-04-15 10:49:00
T412,A73,C73,10401.46,DEBIT,Swiggy,2026-04-15 13:45:00
T413,A72,C72,16438.74,debit,,2026-04-15 7:45:00
T414,A53,C53,13153.95,,Amazon,2026-04-15 1:33:00
T415,A58,C58,19449.16,DEBIT,Zomato,2026-04-15 11:56:00
T416,A49,C49,15578.95,debit,Amazon,2026-04-15 11:35:00
T417,A97,C97,6394.29,DEBIT,Swiggy,2026-04-15 15:29:00
T418,A90,C90,16984.45,,Swiggy,2026-04-15 8:32:00
T419,A100,C100,6599.27,credit,Zomato,2026-04-15 22:50:00
T420,A67,C67,15621.93,debit,Swiggy,2026-04-15 18:3:00
T421,A57,C57,11483.38,DEBIT,,2026-04-15 18:2:00
T422,A2,C2,11063.34,credit,Zomato,2026-04-15 22:47:00
T423,A94,C94,1404.08,,Zomato,2026-04-15 0:51:00
T424,A30,C30,17324.03,debit,Flipkart,2026-04-15 22:19:00
T425,A45,C45,14258.27,credit,Flipkart,2026-04-15 9:28:00
T426,A11,C11,10107.85,debit,Amazon,2026-04-15 16:8:00
T427,A54,C54,19473.74,debit,Swiggy,2026-04-15 22:1:00
T428,A57,C57,11361.73,,Zomato,2026-04-15 13:11:00
T429,A49,C49,16487.49,,Flipkart,2026-04-15 20:32:00
T430,A80,C80,17906.25,debit,Flipkart,2026-04-15 8:30:00
T431,A26,C26,14763.95,DEBIT,Amazon,2026-04-15 18:40:00
T432,A68,C68,2649.52,DEBIT,Swiggy,2026-04-15 23:31:00
T433,A28,C28,12825.45,credit,Zomato,2026-04-15 13:20:00
T434,A54,C54,10363.88,debit,Zomato,2026-04-15 5:7:00
T435,A62,C62,13339.66,debit,Flipkart,2026-04-15 19:58:00
T436,A18,C18,1955.83,DEBIT,,2026-04-15 2:52:00
T437,A50,C50,14397.92,,Swiggy,2026-04-15 6:49:00
T438,A83,C83,18601.4,debit,Flipkart,2026-04-15 3:6:00
T439,A47,C47,5235.09,DEBIT,Zomato,2026-04-15 0:29:00
T440,A86,C86,12303.56,,,2026-04-15 6:36:00
T441,A37,C37,2648.85,credit,Swiggy,2026-04-15 2:15:00
T442,A44,C44,9477.86,credit,Amazon,2026-04-15 11:15:00
T443,A44,C44,16273.43,debit,Amazon,2026-04-15 10:27:00
T444,A33,C33,5859.68,,Flipkart,2026-04-15 13:19:00
T445,A44,C44,14293.71,DEBIT,Amazon,2026-04-15 4:6:00
T446,A53,C53,6548.06,,Zomato,2026-04-15 13:40:00
T447,A100,C100,7899.05,credit,Swiggy,2026-04-15 19:44:00
T448,A68,C68,13099.85,debit,Flipkart,2026-04-15 2:28:00
T449,A30,C30,9640.0,debit,Swiggy,2026-04-15 19:44:00
T450,A47,C47,8150.31,credit,Swiggy,2026-04-15 22:6:00
T451,A42,C42,7402.72,DEBIT,Swiggy,2026-04-15 22:15:00
T452,A21,C21,17642.36,DEBIT,,2026-04-15 6:58:00
T453,A42,C42,4812.49,credit,Swiggy,2026-04-15 3:22:00
T454,A25,C25,17628.29,credit,Flipkart,2026-04-15 3:38:00
T455,A89,C89,9732.76,debit,Amazon,2026-04-15 9:15:00
T456,A76,C76,5946.07,,Flipkart,2026-04-15 6:47:00
T457,A20,C20,11907.89,,Flipkart,2026-04-15 16:26:00
T458,A62,C62,4580.14,DEBIT,Amazon,2026-04-15 15:28:00
T459,A37,C37,8232.78,debit,Zomato,2026-04-15 6:25:00
T460,A83,C83,10303.95,,Swiggy,2026-04-15 2:10:00
T461,A59,C59,41.83,,Amazon,2026-04-15 14:5:00
T462,A66,C66,13876.45,DEBIT,Flipkart,2026-04-15 0:7:00
T463,A90,C90,13849.77,credit,Swiggy,2026-04-15 14:40:00
T464,A8,C8,2951.36,DEBIT,Flipkart,2026-04-15 0:50:00
T465,A45,C45,6955.56,,,2026-04-15 0:59:00
T466,A97,C97,13817.56,debit,Swiggy,2026-04-15 22:44:00
T467,A86,C86,18863.05,credit,,2026-04-15 4:14:00
T468,A36,C36,13315.09,debit,Amazon,2026-04-15 11:21:00
T469,A56,C56,16504.77,,Zomato,2026-04-15 12:17:00
T470,A20,C20,10929.25,DEBIT,Zomato,2026-04-15 17:5:00
T471,A64,C64,1780.35,debit,Amazon,2026-04-15 19:20:00
T472,A82,C82,245.51,debit,Swiggy,2026-04-15 19:53:00
T473,A51,C51,13166.97,DEBIT,Swiggy,2026-04-15 2:33:00
T474,A83,C83,16255.54,credit,,2026-04-15 21:36:00
T475,A1,C1,15503.86,debit,Amazon,2026-04-15 9:53:00
T476,A29,C29,9301.13,debit,Swiggy,2026-04-15 6:17:00
T477,A72,C72,16172.38,,Zomato,2026-04-15 6:37:00
T478,A8,C8,15505.77,credit,Amazon,2026-04-15 23:12:00
T479,A40,C40,15289.43,,Amazon,2026-04-15 15:15:00
T480,A100,C100,5024.77,debit,Swiggy,2026-04-15 5:48:00
T481,A24,C24,10961.78,,Swiggy,2026-04-15 22:7:00
T482,A73,C73,2386.92,credit,Swiggy,2026-04-15 11:21:00
T483,A19,C19,17395.43,credit,Zomato,2026-04-15 0:40:00
T484,A43,C43,11991.19,debit,,2026-04-15 12:2:00
T485,A33,C33,19782.49,credit,,2026-04-15 11:43:00
T486,A24,C24,4673.38,,Zomato,2026-04-15 9:54:00
T487,A46,C46,17809.52,debit,,2026-04-15 9:31:00
T488,A27,C27,18927.57,credit,Flipkart,2026-04-15 19:32:00
T489,A55,C55,18532.58,credit,Swiggy,2026-04-15 16:35:00
T490,A8,C8,886.85,DEBIT,Amazon,2026-04-15 19:5:00
T491,A16,C16,18288.67,credit,Swiggy,2026-04-15 7:21:00
T492,A31,C31,17735.56,debit,Amazon,2026-04-15 4:47:00
T493,A30,C30,6832.55,DEBIT,Zomato,2026-04-15 19:25:00
T494,A34,C34,19802.57,debit,Flipkart,2026-04-15 3:45:00
T495,A12,C12,10959.42,credit,Amazon,2026-04-15 16:47:00
T496,A30,C30,17655.81,debit,Zomato,2026-04-15 10:40:00
T497,A91,C91,8233.51,credit,Flipkart,2026-04-15 8:17:00
T498,A95,C95,15536.98,credit,Zomato,2026-04-15 2:39:00
T499,A21,C21,7662.47,debit,Flipkart,2026-04-15 11:11:00
T500,A20,C20,13519.04,,Flipkart,2026-04-15 23:23:00
T501,A6,C6,12531.02,credit,Zomato,2026-04-15 17:58:00
T502,A51,C51,13449.68,DEBIT,,2026-04-15 5:38:00
T503,A3,C3,2047.3,debit,Flipkart,2026-04-15 10:44:00
T504,A33,C33,1707.38,,Swiggy,2026-04-15 7:42:00
T505,A89,C89,19907.6,DEBIT,Swiggy,2026-04-15 10:48:00
T506,A77,C77,19602.78,,Flipkart,2026-04-15 10:32:00
T507,A91,C91,1270.73,credit,Zomato,2026-04-15 3:57:00
T508,A58,C58,16091.67,,Zomato,2026-04-15 14:14:00
T509,A16,C16,10250.22,,,2026-04-15 8:45:00
T510,A35,C35,10334.9,DEBIT,Flipkart,2026-04-15 21:22:00
T511,A71,C71,17767.66,credit,,2026-04-15 14:21:00
T512,A22,C22,17333.83,debit,Amazon,2026-04-15 6:4:00
T513,A51,C51,11184.51,debit,Swiggy,2026-04-15 8:42:00
T514,A59,C59,2566.82,debit,,2026-04-15 9:52:00
T515,A87,C87,19921.85,DEBIT,Swiggy,2026-04-15 15:23:00
T516,A72,C72,10484.22,,Flipkart,2026-04-15 15:23:00
T517,A79,C79,11391.32,credit,Amazon,2026-04-15 15:0:00
T518,A7,C7,1116.47,credit,Zomato,2026-04-15 9:40:00
T519,A21,C21,19603.46,DEBIT,,2026-04-15 5:6:00
T520,A23,C23,14224.01,DEBIT,Amazon,2026-04-15 12:9:00
T521,A45,C45,11706.15,DEBIT,Amazon,2026-04-15 7:29:00
T522,A49,C49,8440.46,credit,Amazon,2026-04-15 21:14:00
T523,A62,C62,12464.19,credit,Amazon,2026-04-15 4:53:00
T524,A12,C12,12598.09,debit,Flipkart,2026-04-15 12:38:00
T525,A53,C53,16103.44,,Flipkart,2026-04-15 11:7:00
T526,A24,C24,3300.76,credit,Flipkart,2026-04-15 20:58:00
T527,A13,C13,12030.73,debit,Amazon,2026-04-15 2:13:00
T528,A76,C76,13818.27,debit,Amazon,2026-04-15 16:27:00
T529,A88,C88,12774.12,,Amazon,2026-04-15 22:48:00
T530,A2,C2,10027.51,credit,Swiggy,2026-04-15 20:34:00
T531,A77,C77,14097.89,debit,Swiggy,2026-04-15 20:42:00
T532,A10,C10,5444.94,debit,,2026-04-15 2:53:00
T533,A4,C4,19650.02,credit,Flipkart,2026-04-15 22:32:00
T534,A1,C1,17150.65,,Flipkart,2026-04-15 3:11:00
T535,A26,C26,94.82,,Swiggy,2026-04-15 23:22:00
T536,A2,C2,9752.68,credit,Zomato,2026-04-15 14:51:00
T537,A65,C65,2088.61,,Flipkart,2026-04-15 20:23:00
T538,A79,C79,9462.64,DEBIT,Zomato,2026-04-15 4:21:00
T539,A3,C3,6494.86,,Swiggy,2026-04-15 21:25:00
T540,A83,C83,19523.24,DEBIT,Swiggy,2026-04-15 20:23:00
T541,A39,C39,10413.27,,Zomato,2026-04-15 3:52:00
T542,A83,C83,4155.06,,Flipkart,2026-04-15 0:40:00
T543,A26,C26,3640.53,debit,,2026-04-15 22:32:00
T544,A43,C43,8121.11,DEBIT,,2026-04-15 7:26:00
T545,A10,C10,-98.7,DEBIT,Swiggy,2026-04-15 5:12:00
T546,A84,C84,9294.69,debit,Swiggy,2026-04-15 9:7:00
T547,A29,C29,7752.81,DEBIT,Zomato,2026-04-15 6:58:00
T45,A76,C76,2158.46,DEBIT,Flipkart,2026-04-15 3:52:00
T549,A48,C48,9188.32,debit,,2026-04-15 20:32:00
T550,A68,C68,5914.09,DEBIT,Flipkart,2026-04-15 23:49:00
T551,A10,C10,7025.41,,Swiggy,2026-04-15 8:17:00
T552,A31,C31,13872.9,,Swiggy,2026-04-15 6:47:00
T553,A65,C65,17622.23,DEBIT,,2026-04-15 16:32:00
T554,A74,C74,17881.23,,Amazon,2026-04-15 2:34:00
T555,A22,C22,3168.84,debit,Zomato,2026-04-15 9:42:00
T556,A88,C88,16462.42,debit,Zomato,2026-04-15 1:52:00
T557,A2,C2,14894.02,DEBIT,Zomato,2026-04-15 3:38:00
T558,A96,C96,1530.21,DEBIT,,2026-04-15 19:51:00
T559,A3,C3,15882.85,,Flipkart,2026-04-15 8:50:00
T560,A100,C100,3605.11,credit,Zomato,2026-04-15 15:19:00
T561,A84,C84,14931.93,DEBIT,Zomato,2026-04-15 12:8:00
T562,A42,C42,14984.14,DEBIT,Flipkart,2026-04-15 2:19:00
T563,A71,C71,13426.37,debit,Zomato,2026-04-15 6:50:00
T564,A14,C14,6293.33,debit,Amazon,2026-04-15 13:42:00
T565,A25,C25,9376.55,credit,Swiggy,2026-04-15 20:30:00
T566,A71,C71,18971.43,DEBIT,,2026-04-15 5:31:00
T567,A81,C81,19948.31,debit,Flipkart,2026-04-15 21:32:00
T568,A16,C16,4993.17,debit,Amazon,2026-04-15 2:22:00
T569,A69,C69,17297.18,credit,,2026-04-15 8:25:00
T570,A94,C94,10947.27,credit,,2026-04-15 5:36:00
T571,A67,C67,14014.86,DEBIT,,2026-04-15 9:37:00
T572,A30,C30,7968.72,,Flipkart,2026-04-15 23:11:00
T573,A6,C6,7221.98,,Zomato,2026-04-15 0:55:00
T574,A16,C16,830.42,DEBIT,Amazon,2026-04-15 1:26:00
T575,A63,C63,10258.33,credit,Amazon,2026-04-15 11:46:00
T576,A5,C5,11290.42,debit,Zomato,2026-04-15 2:0:00
T577,A64,C64,4609.19,,Amazon,2026-04-15 20:29:00
T578,A72,C72,12246.81,credit,Swiggy,2026-04-15 1:22:00
T579,A21,C21,16332.06,debit,Swiggy,2026-04-15 7:59:00
T580,A82,C82,3388.71,,Amazon,2026-04-15 12:38:00
T581,A93,C93,384.37,debit,Swiggy,2026-04-15 17:27:00
T582,A43,C43,8141.16,credit,Amazon,2026-04-15 7:37:00
T583,A35,C35,10207.55,DEBIT,,2026-04-15 16:25:00
T584,A15,C15,18031.76,debit,Swiggy,2026-04-15 22:14:00
T585,A94,C94,7951.55,DEBIT,Zomato,2026-04-15 1:57:00
T586,A49,C49,5298.22,credit,Swiggy,2026-04-15 1:39:00
T587,A87,C87,2577.39,debit,Amazon,2026-04-15 11:50:00
T588,A81,C81,8395.84,credit,,2026-04-15 4:28:00
T589,A66,C66,6377.17,,Amazon,2026-04-15 3:43:00
T590,A98,C98,13254.78,credit,,2026-04-15 12:51:00
T591,A81,C81,13813.16,debit,Amazon,2026-04-15 11:28:00
T592,A53,C53,16040.04,credit,Amazon,2026-04-15 13:21:00
T593,A54,C54,14767.31,credit,Swiggy,2026-04-15 1:18:00
T594,A50,C50,2668.62,debit,,2026-04-15 15:4:00
T595,A61,C61,11839.0,,Amazon,2026-04-15 18:2:00
T596,A77,C77,291.33,DEBIT,Zomato,2026-04-15 20:48:00
T597,A74,C74,8031.51,DEBIT,Flipkart,2026-04-15 20:51:00
T598,A5,C5,2472.37,credit,Flipkart,2026-04-15 2:22:00
T599,A47,C47,11052.71,credit,Amazon,2026-04-15 2:35:00
T600,A81,C81,903.46,,Zomato,2026-04-15 20:19:00
T601,A59,C59,7084.42,debit,,2026-04-15 7:2:00
T602,A18,C18,10977.32,credit,Zomato,2026-04-15 22:9:00
T603,A92,C92,12391.38,credit,,2026-04-15 0:23:00
T604,A6,C6,5982.12,,Zomato,2026-04-15 13:20:00
T605,A9,C9,12511.14,,Swiggy,2026-04-15 15:33:00
T606,A25,C25,17816.34,,Swiggy,2026-04-15 15:51:00
T607,A42,C42,8338.23,debit,,2026-04-15 5:23:00
T608,A88,C88,4659.37,DEBIT,Amazon,2026-04-15 23:37:00
T609,A74,C74,3024.31,credit,,2026-04-15 22:37:00
T610,A75,C75,6868.57,credit,Zomato,2026-04-15 6:43:00
T611,A81,C81,620.51,debit,Zomato,2026-04-15 9:51:00
T612,A70,C70,6030.53,DEBIT,Zomato,2026-04-15 15:28:00
T613,A5,C5,9037.69,debit,Amazon,2026-04-15 2:58:00
T614,A69,C69,17297.42,,,2026-04-15 11:37:00
T615,A68,C68,18354.21,DEBIT,Amazon,2026-04-15 3:45:00
T616,A11,C11,7699.16,,Swiggy,2026-04-15 23:12:00
T617,A70,C70,1223.65,,Amazon,2026-04-15 6:16:00
T618,A62,C62,8849.75,debit,Zomato,2026-04-15 16:35:00
T619,A76,C76,6181.63,DEBIT,Flipkart,2026-04-15 1:1:00
T620,A56,C56,9861.68,credit,Amazon,2026-04-15 19:20:00
T621,A50,C50,10162.37,DEBIT,Flipkart,2026-04-15 14:10:00
T622,A67,C67,7495.35,credit,,2026-04-15 2:18:00
T623,A2,C2,2587.33,,Swiggy,2026-04-15 5:13:00
T624,A61,C61,9200.51,credit,,2026-04-15 9:55:00
T625,A77,C77,14464.74,DEBIT,Zomato,2026-04-15 2:31:00
T626,A88,C88,17033.49,,Zomato,2026-04-15 23:26:00
T627,A17,C17,5686.75,,Zomato,2026-04-15 22:14:00
T628,A38,C38,15116.39,debit,Flipkart,2026-04-15 22:12:00
T629,A70,C70,4915.24,,,2026-04-15 8:57:00
T630,A80,C80,12708.15,debit,Zomato,2026-04-15 5:8:00
T631,A63,C63,3563.39,debit,,2026-04-15 21:0:00
T632,A100,C100,2444.55,debit,Zomato,2026-04-15 1:58:00
T633,A100,C100,6994.66,debit,,2026-04-15 3:21:00
T634,A94,C94,4334.93,,Flipkart,2026-04-15 4:13:00
T635,A99,C99,10155.18,DEBIT,Amazon,2026-04-15 0:41:00
T636,A70,C70,19603.22,DEBIT,Swiggy,2026-04-15 19:57:00
T15,A23,C23,13655.26,DEBIT,Swiggy,2026-04-15 15:40:00
T638,A56,C56,7747.35,credit,Flipkart,2026-04-15 18:15:00
T639,A8,C8,18048.17,credit,,2026-04-15 12:46:00
T640,A51,C51,517.27,debit,Zomato,2026-04-15 12:14:00
T641,A90,C90,9234.01,DEBIT,Amazon,2026-04-15 16:50:00
T642,A23,C23,13609.6,DEBIT,Swiggy,2026-04-15 22:56:00
T643,A5,C5,11115.85,DEBIT,Swiggy,2026-04-15 18:10:00
T644,A54,C54,1276.01,debit,Amazon,2026-04-15 17:52:00
T645,A46,C46,18906.11,,Amazon,2026-04-15 9:19:00
T646,A69,C69,17409.19,,Flipkart,2026-04-15 11:55:00
T647,A98,C98,10614.48,debit,Zomato,2026-04-15 10:45:00
T648,A79,C79,12883.0,DEBIT,Amazon,2026-04-15 14:28:00
T649,A82,C82,13568.89,credit,Flipkart,2026-04-15 22:40:00
T650,A65,C65,13593.69,,Zomato,2026-04-15 13:54:00
T651,A40,C40,12165.78,DEBIT,Swiggy,2026-04-15 18:40:00
T652,A90,C90,9502.37,credit,Amazon,2026-04-15 6:3:00
T653,A70,C70,17170.74,DEBIT,Amazon,2026-04-15 8:6:00
T654,A100,C100,17953.84,,Flipkart,2026-04-15 17:7:00
T655,A47,C47,1109.78,debit,,2026-04-15 7:42:00
T656,A57,C57,16488.36,debit,Swiggy,2026-04-15 9:17:00
T657,A72,C72,7688.43,,Flipkart,2026-04-15 12:18:00
T658,A18,C18,6118.39,debit,,2026-04-15 9:14:00
T659,A75,C75,13059.93,credit,Flipkart,2026-04-15 1:58:00
T660,A43,C43,19102.64,credit,Zomato,2026-04-15 15:28:00
T661,A38,C38,19040.92,DEBIT,Amazon,2026-04-15 12:51:00
T662,A93,C93,1439.69,,Zomato,2026-04-15 10:10:00
T663,A69,C69,17044.28,credit,Zomato,2026-04-15 22:57:00
T664,A64,C64,243.85,,Swiggy,2026-04-15 23:7:00
T665,A57,C57,1770.88,DEBIT,,2026-04-15 6:10:00
T666,A76,C76,1755.21,credit,Amazon,2026-04-15 11:48:00
T667,A34,C34,2001.39,credit,,2026-04-15 9:30:00
T668,A72,C72,14163.55,debit,Flipkart,2026-04-15 14:22:00
T669,A23,C23,5090.25,credit,Zomato,2026-04-15 17:6:00
T670,A78,C78,6160.23,,,2026-04-15 19:55:00
T671,A88,C88,12346.95,credit,Swiggy,2026-04-15 17:44:00
T672,A84,C84,3808.21,DEBIT,Zomato,2026-04-15 1:49:00
T673,A6,C6,15892.59,DEBIT,,2026-04-15 12:33:00
T674,A39,C39,1585.2,credit,Amazon,2026-04-15 2:5:00
T675,A39,C39,18419.29,DEBIT,Flipkart,2026-04-15 22:1:00
T676,A68,C68,2765.69,DEBIT,Amazon,2026-04-15 1:14:00
T677,A70,C70,2938.19,DEBIT,Swiggy,2026-04-15 10:48:00
T678,A75,C75,14886.24,debit,Flipkart,2026-04-15 11:59:00
T679,A45,C45,17141.43,,Amazon,2026-04-15 10:25:00
T680,A19,C19,2399.93,,,2026-04-15 3:44:00
T681,A16,C16,6378.59,DEBIT,Swiggy,2026-04-15 7:8:00
T682,A23,C23,8050.47,debit,Zomato,2026-04-15 15:59:00
T683,A39,C39,2493.15,DEBIT,Swiggy,2026-04-15 2:33:00
T684,A21,C21,9403.51,debit,Amazon,2026-04-15 4:2:00
T685,A74,C74,6441.55,DEBIT,,2026-04-15 21:25:00
T686,A91,C91,1907.41,DEBIT,Zomato,2026-04-15 8:6:00
T687,A28,C28,18413.3,debit,Zomato,2026-04-15 19:4:00
T688,A53,C53,6685.14,credit,Flipkart,2026-04-15 9:34:00
T689,A35,C35,12802.15,,Flipkart,2026-04-15 8:1:00
T690,A83,C83,986.76,DEBIT,Amazon,2026-04-15 19:5:00
T691,A92,C92,3230.86,DEBIT,Amazon,2026-04-15 5:36:00
T692,A53,C53,15045.6,DEBIT,Swiggy,2026-04-15 20:20:00
T14,A55,C55,10079.18,credit,Swiggy,2026-04-15 7:25:00
T694,A51,C51,16649.03,DEBIT,Amazon,2026-04-15 2:5:00
T695,A40,C40,13866.81,DEBIT,Flipkart,2026-04-15 17:30:00
T696,A12,C12,18367.46,credit,Flipkart,2026-04-15 17:34:00
T697,A91,C91,18134.4,debit,Flipkart,2026-04-15 5:14:00
T698,A72,C72,8461.45,credit,,2026-04-15 21:53:00
T699,A42,C42,17081.37,,Swiggy,2026-04-15 7:4:00
T700,A29,C29,189.44,credit,,2026-04-15 23:39:00
T701,A64,C64,11567.82,credit,Amazon,2026-04-15 1:32:00
T702,A88,C88,11999.34,credit,,2026-04-15 21:39:00
T703,A1,C1,12899.56,DEBIT,Amazon,2026-04-15 19:21:00
T704,A48,C48,5998.73,DEBIT,Amazon,2026-04-15 0:25:00
T705,A91,C91,11418.95,credit,Flipkart,2026-04-15 1:19:00
T706,A69,C69,14715.79,DEBIT,Amazon,2026-04-15 13:44:00
T707,A99,C99,19328.04,credit,,2026-04-15 14:32:00
T708,A26,C26,4075.54,credit,Flipkart,2026-04-15 17:2:00
T709,A16,C16,19769.81,credit,Amazon,2026-04-15 7:23:00
T710,A63,C63,1599.65,,,2026-04-15 2:33:00
T711,A61,C61,9925.22,credit,Flipkart,2026-04-15 22:33:00
T712,A97,C97,17824.27,debit,Swiggy,2026-04-15 9:53:00
T713,A27,C27,15608.17,debit,Amazon,2026-04-15 16:16:00
T714,A10,C10,2882.45,,Swiggy,2026-04-15 23:8:00
T715,A37,C37,17291.16,,Swiggy,2026-04-15 6:32:00
T716,A84,C84,13300.19,,,2026-04-15 5:51:00
T717,A5,C5,7404.48,DEBIT,Amazon,2026-04-15 2:18:00
T718,A40,C40,2784.42,debit,,2026-04-15 11:41:00
T719,A90,C90,12813.22,debit,,2026-04-15 4:10:00
T720,A98,C98,2580.23,,Zomato,2026-04-15 3:12:00
T721,A41,C41,6047.59,debit,Zomato,2026-04-15 22:28:00
T722,A93,C93,14337.78,credit,Zomato,2026-04-15 4:13:00
T723,A16,C16,12741.59,,Swiggy,2026-04-15 19:23:00
T724,A10,C10,9913.89,DEBIT,Swiggy,2026-04-15 21:40:00
T725,A28,C28,10901.04,DEBIT,Flipkart,2026-04-15 21:13:00
T726,A98,C98,19449.27,DEBIT,Flipkart,2026-04-15 22:47:00
T727,A60,C60,594.32,debit,Zomato,2026-04-15 4:42:00
T728,A83,C83,9502.8,debit,Zomato,2026-04-15 9:14:00
T729,A75,C75,14988.85,,Amazon,2026-04-15 0:46:00
T730,A47,C47,7348.23,DEBIT,Swiggy,2026-04-15 10:37:00
T731,A7,C7,18128.25,credit,Flipkart,2026-04-15 22:52:00
T732,A8,C8,16204.81,credit,Swiggy,2026-04-15 4:53:00
T733,A38,C38,15681.81,,Zomato,2026-04-15 17:44:00
T734,A83,C83,8687.56,DEBIT,Zomato,2026-04-15 11:37:00
T735,A57,C57,3298.27,DEBIT,Flipkart,2026-04-15 0:45:00
T736,A22,C22,8139.99,credit,,2026-04-15 0:43:00
T737,A47,C47,5592.0,credit,Amazon,2026-04-15 17:53:00
T738,A44,C44,18397.54,,Flipkart,2026-04-15 0:16:00
T739,A59,C59,5176.43,,Swiggy,2026-04-15 4:20:00
T740,A38,C38,17482.57,credit,Zomato,2026-04-15 21:25:00
T741,A74,C74,13409.45,credit,,2026-04-15 14:21:00
T742,A62,C62,19164.89,credit,,2026-04-15 1:16:00
T743,A64,C64,8116.48,credit,,2026-04-15 8:39:00
T744,A74,C74,15288.15,credit,,2026-04-15 15:18:00
T745,A10,C10,1993.69,DEBIT,Zomato,2026-04-15 17:23:00
T746,A48,C48,2514.14,credit,Flipkart,2026-04-15 5:21:00
T747,A18,C18,14765.43,debit,Zomato,2026-04-15 2:11:00
T748,A74,C74,616.83,,Amazon,2026-04-15 20:27:00
T749,A100,C100,5290.22,,Amazon,2026-04-15 0:52:00
T750,A29,C29,18150.14,credit,Zomato,2026-04-15 10:11:00
T751,A41,C41,7447.53,credit,Swiggy,2026-04-15 13:13:00
T752,A74,C74,4285.47,credit,Flipkart,2026-04-15 19:5:00
T753,A28,C28,10362.29,,Swiggy,2026-04-15 9:41:00
T754,A29,C29,4847.05,DEBIT,Flipkart,2026-04-15 13:2:00
T755,A61,C61,10675.34,,Flipkart,2026-04-15 16:0:00
T756,A33,C33,-90.1,,Flipkart,2026-04-15 19:36:00
T757,A45,C45,8421.97,DEBIT,Flipkart,2026-04-15 21:48:00
T758,A9,C9,17898.13,,Zomato,2026-04-15 21:54:00
T759,A63,C63,18773.74,debit,Zomato,2026-04-15 16:47:00
T760,A10,C10,567.78,DEBIT,,2026-04-15 2:53:00
T761,A90,C90,3279.48,,Swiggy,2026-04-15 4:13:00
T762,A42,C42,13721.57,debit,,2026-04-15 8:9:00
T763,A11,C11,4852.89,credit,Swiggy,2026-04-15 13:3:00
T764,A24,C24,16133.8,credit,Zomato,2026-04-15 6:44:00
T765,A38,C38,17704.0,,Flipkart,2026-04-15 14:22:00
T766,A98,C98,19448.92,,Swiggy,2026-04-15 22:34:00
T767,A50,C50,16933.91,debit,Flipkart,2026-04-15 8:3:00
T768,A6,C6,18853.9,,Flipkart,2026-04-15 18:38:00
T769,A82,C82,230.76,debit,Zomato,2026-04-15 21:2:00
T770,A68,C68,4522.15,DEBIT,Zomato,2026-04-15 20:17:00
T771,A85,C85,1702.55,,Amazon,2026-04-15 19:57:00
T772,A29,C29,8440.18,debit,Amazon,2026-04-15 16:57:00
T773,A68,C68,14412.09,DEBIT,Zomato,2026-04-15 16:1:00
T774,A75,C75,6634.77,debit,Amazon,2026-04-15 1:51:00
T775,A54,C54,910.14,,,2026-04-15 0:50:00
T776,A88,C88,10836.2,credit,,2026-04-15 8:21:00
T777,A54,C54,8077.21,,Flipkart,2026-04-15 6:56:00
T778,A18,C18,12235.72,debit,Amazon,2026-04-15 0:48:00
T779,A40,C40,4282.62,DEBIT,Amazon,2026-04-15 10:45:00
T780,A100,C100,9454.91,debit,Amazon,2026-04-15 0:25:00
T781,A28,C28,15062.17,DEBIT,,2026-04-15 4:19:00
T782,A37,C37,3878.44,debit,Flipkart,2026-04-15 18:3:00
T783,A23,C23,9417.27,,,2026-04-15 9:6:00
T784,A16,C16,15916.47,DEBIT,Zomato,2026-04-15 11:13:00
T785,A58,C58,12019.44,credit,,2026-04-15 1:43:00
T786,A9,C9,5922.46,credit,Flipkart,2026-04-15 14:55:00
T787,A18,C18,11307.44,DEBIT,Amazon,2026-04-15 6:3:00
T788,A88,C88,12986.43,debit,Flipkart,2026-04-15 16:25:00
T789,A94,C94,16809.21,DEBIT,,2026-04-15 10:12:00
T790,A81,C81,4972.24,,Swiggy,2026-04-15 16:56:00
T791,A91,C91,7862.95,credit,Zomato,2026-04-15 15:29:00
T792,A82,C82,17320.9,,Swiggy,2026-04-15 20:40:00
T793,A58,C58,2771.58,,Zomato,2026-04-15 19:40:00
T794,A99,C99,12211.65,DEBIT,,2026-04-15 19:27:00
T795,A90,C90,17129.18,credit,Swiggy,2026-04-15 12:14:00
T796,A32,C32,12151.96,credit,,2026-04-15 22:7:00
T797,A52,C52,5641.76,debit,Swiggy,2026-04-15 9:19:00
T798,A76,C76,18288.77,,Zomato,2026-04-15 18:22:00
T799,A64,C64,2170.98,debit,Amazon,2026-04-15 14:56:00
T800,A88,C88,12884.41,,Zomato,2026-04-15 14:51:00
T801,A72,C72,2208.34,debit,Swiggy,2026-04-15 5:0:00
T802,A15,C15,16786.59,,Zomato,2026-04-15 10:57:00
T803,A36,C36,17123.47,,Amazon,2026-04-15 20:49:00
T804,A55,C55,7377.99,credit,Flipkart,2026-04-15 8:17:00
T805,A81,C81,15793.49,,,2026-04-15 19:16:00
T806,A5,C5,5736.37,credit,Zomato,2026-04-15 15:30:00
T807,A40,C40,7288.34,DEBIT,Zomato,2026-04-15 10:12:00
T808,A26,C26,15447.22,DEBIT,Flipkart,2026-04-15 9:16:00
T809,A6,C6,4525.68,DEBIT,Zomato,2026-04-15 6:23:00
T810,A46,C46,14316.74,DEBIT,Flipkart,2026-04-15 8:38:00
T811,A81,C81,7230.28,debit,Amazon,2026-04-15 0:42:00
T812,A1,C1,2993.1,DEBIT,Zomato,2026-04-15 7:8:00
T813,A63,C63,10709.99,credit,,2026-04-15 0:8:00
T814,A68,C68,12037.38,credit,,2026-04-15 15:38:00
T815,A75,C75,14218.69,credit,Swiggy,2026-04-15 19:52:00
T816,A2,C2,11554.23,debit,,2026-04-15 10:31:00
T817,A2,C2,8052.38,credit,,2026-04-15 7:27:00
T818,A13,C13,10225.92,DEBIT,Amazon,2026-04-15 20:57:00
T819,A36,C36,16234.33,,Zomato,2026-04-15 1:24:00
T820,A59,C59,15774.54,debit,Flipkart,2026-04-15 8:11:00
T821,A60,C60,8380.07,,Amazon,2026-04-15 2:34:00
T822,A15,C15,10863.87,credit,,2026-04-15 3:56:00
T823,A41,C41,11838.0,,Amazon,2026-04-15 14:30:00
T824,A98,C98,4779.38,,Zomato,2026-04-15 1:3:00
T825,A79,C79,19438.6,,Zomato,2026-04-15 5:13:00
T826,A78,C78,12773.5,,,2026-04-15 19:11:00
T827,A55,C55,6392.79,credit,Zomato,2026-04-15 18:28:00
T828,A97,C97,19404.5,credit,Amazon,2026-04-15 13:6:00
T829,A19,C19,19691.98,debit,Amazon,2026-04-15 19:41:00
T830,A25,C25,8202.0,credit,Swiggy,2026-04-15 23:28:00
T831,A92,C92,8094.27,DEBIT,Flipkart,2026-04-15 19:20:00
T832,A32,C32,8741.68,DEBIT,Zomato,2026-04-15 12:20:00
T833,A25,C25,10121.64,credit,Flipkart,2026-04-15 2:32:00
T834,A63,C63,2851.76,,Swiggy,2026-04-15 2:58:00
T835,A9,C9,4102.43,,Swiggy,2026-04-15 12:55:00
T836,A1,C1,9307.91,,Flipkart,2026-04-15 22:36:00
T837,A81,C81,14916.8,credit,Swiggy,2026-04-15 10:27:00
T838,A52,C52,15307.68,DEBIT,Swiggy,2026-04-15 12:43:00
T839,A72,C72,8752.15,,,2026-04-15 18:24:00
T840,A58,C58,8281.17,DEBIT,Zomato,2026-04-15 17:41:00
T841,A19,C19,6918.5,,Swiggy,2026-04-15 16:55:00
T842,A32,C32,19995.25,DEBIT,Amazon,2026-04-15 1:41:00
T843,A67,C67,6500.06,credit,,2026-04-15 21:39:00
T844,A10,C10,8876.66,DEBIT,Swiggy,2026-04-15 18:4:00
T845,A78,C78,7090.12,credit,,2026-04-15 17:45:00
T846,A13,C13,5402.52,DEBIT,Amazon,2026-04-15 3:19:00
T847,A68,C68,3864.58,debit,Swiggy,2026-04-15 8:59:00
T848,A23,C23,13452.09,debit,Flipkart,2026-04-15 19:20:00
T849,A17,C17,12995.36,DEBIT,Zomato,2026-04-15 16:30:00
T850,A76,C76,11058.29,DEBIT,Amazon,2026-04-15 17:49:00
T851,A60,C60,3905.61,debit,Amazon,2026-04-15 0:35:00
T852,A64,C64,5499.09,DEBIT,Swiggy,2026-04-15 2:55:00
T853,A3,C3,6395.22,debit,Zomato,2026-04-15 22:35:00
T854,A46,C46,11076.92,credit,Zomato,2026-04-15 12:44:00
T855,A81,C81,13246.6,credit,Amazon,2026-04-15 19:33:00
T856,A50,C50,10240.09,,Zomato,2026-04-15 21:53:00
T857,A26,C26,19192.48,DEBIT,Amazon,2026-04-15 15:57:00
T858,A7,C7,12261.45,debit,Flipkart,2026-04-15 19:14:00
T859,A79,C79,10872.83,,,2026-04-15 6:0:00
T860,A88,C88,19671.51,,Swiggy,2026-04-15 10:16:00
T861,A14,C14,3053.84,,,2026-04-15 11:43:00
T862,A23,C23,4260.75,credit,Swiggy,2026-04-15 10:27:00
T863,A67,C67,12007.56,credit,,2026-04-15 17:38:00
T864,A57,C57,12416.62,,,2026-04-15 3:44:00
T865,A89,C89,7057.13,DEBIT,Swiggy,2026-04-15 8:54:00
T866,A26,C26,17322.45,DEBIT,Swiggy,2026-04-15 0:58:00
T867,A99,C99,18355.97,credit,Flipkart,2026-04-15 1:18:00
T868,A95,C95,1067.26,credit,Flipkart,2026-04-15 0:40:00
T869,A22,C22,10409.24,credit,,2026-04-15 17:4:00
T870,A45,C45,17938.07,DEBIT,Zomato,2026-04-15 22:49:00
T871,A57,C57,5459.93,credit,Amazon,2026-04-15 19:22:00
T872,A100,C100,14469.78,,Flipkart,2026-04-15 11:6:00
T873,A31,C31,7523.09,debit,Swiggy,2026-04-15 8:25:00
T874,A83,C83,1930.32,credit,,2026-04-15 15:55:00
T875,A21,C21,15035.1,,Flipkart,2026-04-15 20:13:00
T876,A24,C24,1971.61,credit,Amazon,2026-04-15 12:33:00
T877,A40,C40,6594.02,credit,Flipkart,2026-04-15 7:25:00
T878,A91,C91,3635.57,debit,Zomato,2026-04-15 18:31:00
T879,A77,C77,4830.85,debit,Zomato,2026-04-15 12:20:00
T880,A35,C35,19011.68,debit,Flipkart,2026-04-15 20:53:00
T881,A81,C81,7549.54,credit,Flipkart,2026-04-15 13:46:00
T882,A73,C73,954.5,debit,Zomato,2026-04-15 18:37:00
T883,A3,C3,10293.65,DEBIT,Swiggy,2026-04-15 1:8:00
T884,A18,C18,7970.1,DEBIT,Flipkart,2026-04-15 2:43:00
T885,A93,C93,1803.14,,,2026-04-15 1:58:00
T886,A99,C99,16137.53,credit,Flipkart,2026-04-15 3:11:00
T887,A94,C94,7730.59,credit,Amazon,2026-04-15 10:42:00
T888,A10,C10,17564.79,credit,Swiggy,2026-04-15 7:57:00
T889,A36,C36,11794.73,,Flipkart,2026-04-15 3:46:00
T890,A3,C3,7439.45,credit,Swiggy,2026-04-15 23:11:00
T891,A94,C94,5456.32,credit,Amazon,2026-04-15 17:30:00
T892,A73,C73,3606.58,DEBIT,Swiggy,2026-04-15 4:38:00
T13,A87,C87,17971.01,DEBIT,Swiggy,2026-04-15 19:9:00
T894,A8,C8,429.6,DEBIT,Flipkart,2026-04-15 22:55:00
T895,A76,C76,14107.03,DEBIT,Amazon,2026-04-15 1:8:00
T896,A29,C29,10303.54,debit,Amazon,2026-04-15 0:1:00
T897,A63,C63,3128.41,debit,Swiggy,2026-04-15 13:36:00
T898,A2,C2,7070.26,credit,,2026-04-15 21:11:00
T899,A27,C27,15527.83,debit,Swiggy,2026-04-15 18:2:00
T900,A52,C52,6220.49,debit,Amazon,2026-04-15 6:18:00
T901,A22,C22,15626.96,debit,Zomato,2026-04-15 4:48:00
T902,A78,C78,8334.71,credit,Amazon,2026-04-15 4:21:00
T903,A61,C61,4072.61,,Flipkart,2026-04-15 15:15:00
T904,A13,C13,17284.87,credit,Flipkart,2026-04-15 1:26:00
T905,A65,C65,207.73,debit,Zomato,2026-04-15 6:37:00
T906,A33,C33,2140.89,credit,Swiggy,2026-04-15 21:18:00
T907,A81,C81,15483.93,debit,Zomato,2026-04-15 22:27:00
T908,A98,C98,1855.23,,Amazon,2026-04-15 23:17:00
T909,A13,C13,9265.46,debit,Swiggy,2026-04-15 11:32:00
T910,A36,C36,16037.6,debit,,2026-04-15 7:39:00
T911,A79,C79,15359.43,debit,Zomato,2026-04-15 6:13:00
T912,A10,C10,7661.56,,Zomato,2026-04-15 13:10:00
T913,A96,C96,11570.56,debit,Swiggy,2026-04-15 7:0:00
T914,A100,C100,16592.76,DEBIT,Zomato,2026-04-15 9:11:00
T915,A97,C97,15735.65,debit,Zomato,2026-04-15 1:23:00
T916,A61,C61,13368.68,,Swiggy,2026-04-15 12:25:00
T917,A46,C46,8017.95,,Amazon,2026-04-15 14:28:00
T918,A40,C40,13922.68,debit,Amazon,2026-04-15 17:39:00
T919,A18,C18,10409.98,,Flipkart,2026-04-15 10:6:00
T920,A11,C11,18076.68,debit,Zomato,2026-04-15 12:2:00
T921,A91,C91,14943.19,DEBIT,Zomato,2026-04-15 16:18:00
T922,A66,C66,6905.16,DEBIT,Zomato,2026-04-15 17:52:00
T923,A52,C52,17741.69,debit,,2026-04-15 8:26:00
T924,A24,C24,19955.03,DEBIT,Flipkart,2026-04-15 9:12:00
T925,A14,C14,14252.21,,Flipkart,2026-04-15 6:35:00
T926,A36,C36,14673.12,DEBIT,Swiggy,2026-04-15 10:41:00
T927,A41,C41,5739.68,DEBIT,Zomato,2026-04-15 23:44:00
T928,A5,C5,9264.0,credit,,2026-04-15 17:7:00
T929,A45,C45,9964.72,DEBIT,Swiggy,2026-04-15 12:34:00
T930,A27,C27,14993.79,,Flipkart,2026-04-15 18:57:00
T931,A57,C57,4726.0,,Swiggy,2026-04-15 19:21:00
T932,A87,C87,19082.76,DEBIT,Amazon,2026-04-15 18:29:00
T933,A73,C73,15443.95,,Zomato,2026-04-15 16:54:00
T934,A4,C4,6001.28,credit,Amazon,2026-04-15 0:39:00
T935,A19,C19,19460.78,DEBIT,Amazon,2026-04-15 20:58:00
T936,A32,C32,18603.54,credit,Swiggy,2026-04-15 16:33:00
T937,A1,C1,19927.49,DEBIT,,2026-04-15 12:1:00
T938,A99,C99,12873.48,debit,Flipkart,2026-04-15 2:21:00
T939,A16,C16,17126.23,DEBIT,Flipkart,2026-04-15 17:27:00
T940,A74,C74,1488.22,DEBIT,Amazon,2026-04-15 0:5:00
T941,A63,C63,19495.95,credit,Amazon,2026-04-15 6:48:00
T942,A34,C34,8052.39,,Swiggy,2026-04-15 22:44:00
T943,A7,C7,2859.22,debit,,2026-04-15 16:58:00
T944,A16,C16,4622.23,DEBIT,Flipkart,2026-04-15 22:29:00
T945,A72,C72,7077.24,DEBIT,Zomato,2026-04-15 6:32:00
T946,A85,C85,16135.7,DEBIT,,2026-04-15 15:46:00
T947,A8,C8,4762.17,credit,Amazon,2026-04-15 2:19:00
T948,A32,C32,14122.32,debit,Swiggy,2026-04-15 5:44:00
T949,A9,C9,6472.0,,Swiggy,2026-04-15 5:5:00
T950,A67,C67,5095.12,,Flipkart,2026-04-15 14:9:00
T951,A40,C40,4695.29,DEBIT,Flipkart,2026-04-15 3:36:00
T952,A45,C45,285.88,DEBIT,Zomato,2026-04-15 8:5:00
T953,A26,C26,19515.15,credit,Zomato,2026-04-15 7:17:00
T954,A18,C18,15401.75,debit,Amazon,2026-04-15 14:13:00
T955,A61,C61,1695.67,debit,,2026-04-15 21:1:00
T956,A42,C42,10327.81,DEBIT,Zomato,2026-04-15 10:6:00
T957,A87,C87,1829.16,DEBIT,Zomato,2026-04-15 9:24:00
T958,A30,C30,14803.06,,Amazon,2026-04-15 6:55:00
T959,A29,C29,4607.47,DEBIT,,2026-04-15 12:8:00
T960,A25,C25,19534.09,,Zomato,2026-04-15 21:50:00
T961,A53,C53,358.0,DEBIT,Amazon,2026-04-15 16:39:00
T24,A59,C59,13245.86,DEBIT,Amazon,2026-04-15 5:23:00
T963,A88,C88,16935.25,credit,,2026-04-15 18:52:00
T964,A98,C98,16634.33,credit,Swiggy,2026-04-15 3:36:00
T965,A52,C52,6176.42,debit,Amazon,2026-04-15 15:41:00
T966,A92,C92,15167.39,DEBIT,,2026-04-15 17:0:00
T967,A13,C13,1101.8,,Amazon,2026-04-15 3:38:00
T968,A29,C29,7313.74,debit,Zomato,2026-04-15 11:16:00
T969,A2,C2,6775.29,debit,Amazon,2026-04-15 19:59:00
T970,A6,C6,12274.75,,Swiggy,2026-04-15 14:30:00
T971,A91,C91,11569.41,,Swiggy,2026-04-15 8:28:00
T972,A53,C53,19480.11,debit,,2026-04-15 17:43:00
T973,A40,C40,2646.02,,,2026-04-15 19:2:00
T974,A19,C19,2147.81,debit,Flipkart,2026-04-15 13:31:00
T975,A34,C34,8674.31,debit,Zomato,2026-04-15 17:25:00
T976,A46,C46,15923.91,credit,Swiggy,2026-04-15 6:53:00
T977,A65,C65,9003.47,debit,Zomato,2026-04-15 12:7:00
T978,A60,C60,11085.62,debit,Amazon,2026-04-15 7:13:00
T979,A72,C72,11550.66,credit,Swiggy,2026-04-15 10:15:00
T980,A12,C12,10157.3,debit,Flipkart,2026-04-15 10:53:00
T981,A94,C94,3290.33,debit,Amazon,2026-04-15 1:39:00
T982,A76,C76,8506.62,credit,Zomato,2026-04-15 13:41:00
T983,A30,C30,11211.49,,,2026-04-15 7:4:00
T984,A24,C24,15347.86,debit,Zomato,2026-04-15 16:19:00
T985,A83,C83,7392.8,debit,Zomato,2026-04-15 22:29:00
T986,A37,C37,1195.23,,,2026-04-15 17:9:00
T987,A20,C20,178.28,debit,,2026-04-15 6:11:00
T988,A25,C25,10452.99,credit,Amazon,2026-04-15 17:3:00
T989,A40,C40,13171.55,debit,Zomato,2026-04-15 1:0:00
T990,A95,C95,2090.97,,Swiggy,2026-04-15 7:51:00
T991,A66,C66,8617.02,credit,,2026-04-15 1:51:00
T992,A80,C80,7747.23,debit,,2026-04-15 12:9:00
T993,A37,C37,8448.44,credit,Swiggy,2026-04-15 0:52:00
T994,A94,C94,14625.28,debit,,2026-04-15 9:18:00
T995,A67,C67,3784.21,credit,,2026-04-15 18:59:00
T996,A18,C18,12768.93,,Amazon,2026-04-15 20:18:00
T997,A11,C11,5674.92,debit,,2026-04-15 22:51:00
T998,A62,C62,6105.9,,,2026-04-15 15:23:00
T999,A90,C90,1762.56,debit,,2026-04-15 15:2:00
T1000,A22,C22,12620.3,DEBIT,Swiggy,2026-04-15 2:55:00
T267,A98,C98,7878.7,debit,Amazon,2026-04-15 4:50:00
T176,A91,C91,1646.66,debit,Amazon,2026-04-15 12:32:00
T571,A67,C67,14014.86,DEBIT,,2026-04-15 9:37:00
T930,A27,C27,14993.79,,Flipkart,2026-04-15 18:57:00
T636,A70,C70,19603.22,DEBIT,Swiggy,2026-04-15 19:57:00
T55,A71,C71,9633.9,,Amazon,2026-04-15 0:8:00
T183,A78,C78,996.98,DEBIT,Flipkart,2026-04-15 8:10:00
T798,A76,C76,18288.77,,Zomato,2026-04-15 18:22:00
T675,A39,C39,18419.29,DEBIT,Flipkart,2026-04-15 22:1:00
T791,A91,C91,7862.95,credit,Zomato,2026-04-15 15:29:00
T704,A48,C48,5998.73,DEBIT,Amazon,2026-04-15 0:25:00
T312,A95,C95,3893.79,credit,Flipkart,2026-04-15 14:13:00
T537,A65,C65,2088.61,,Flipkart,2026-04-15 20:23:00
T871,A57,C57,5459.93,credit,Amazon,2026-04-15 19:22:00
T164,A33,C33,11837.15,,Zomato,2026-04-15 5:24:00
T14,A55,C55,10079.18,credit,Swiggy,2026-04-15 7:25:00
T736,A22,C22,8139.99,credit,,2026-04-15 0:43:00
T640,A51,C51,517.27,debit,Zomato,2026-04-15 12:14:00
T570,A94,C94,10947.27,credit,,2026-04-15 5:36:00
T378,A79,C79,1666.28,DEBIT,Swiggy,2026-04-15 1:56:00
